"","Package","LibPath","Version","Priority","Depends","Imports","LinkingTo","Suggests","Enhances","License","License_is_FOSS","License_restricts_use","OS_type","MD5sum","NeedsCompilation","Built"
"BH","BH","/usr/local/lib/R/site-library","1.69.0-1",NA,NA,NA,NA,NA,NA,"BSL-1.0",NA,NA,NA,NA,"no","3.6.1"
"ChainLadder","ChainLadder","/usr/local/lib/R/site-library","0.2.10",NA,NA,"Matrix, actuar, methods, stats, lattice, grid, tweedie, utils,
systemfit, statmod, cplm (>= 0.7-3), ggplot2, MASS",NA,"RUnit, knitr, rmarkdown",NA,"GPL (>= 2)",NA,NA,NA,NA,"no","3.6.1"
"DBI","DBI","/usr/local/lib/R/site-library","1.0.0",NA,"R (>= 3.0.0), methods",NA,NA,"blob, covr, hms, knitr, magrittr, rprojroot, rmarkdown,
RSQLite (>= 1.1-2), testthat, xml2",NA,"LGPL (>= 2)",NA,NA,NA,NA,"no","3.6.1"
"DT","DT","/usr/local/lib/R/site-library","0.9",NA,NA,"htmltools (>= 0.3.6), htmlwidgets (>= 1.3), jsonlite (>=
0.9.16), magrittr, crosstalk, promises",NA,"knitr (>= 1.8), rmarkdown, shiny (>= 1.1.0)",NA,"GPL-3 | file LICENSE",NA,NA,NA,NA,"no","3.6.1"
"MatrixModels","MatrixModels","/usr/local/lib/R/site-library","0.4-1",NA,"R (>= 3.0.1)","stats, methods, Matrix (>= 1.1-5)",NA,NA,NA,"GPL (>= 2)",NA,NA,NA,NA,"no","3.6.1"
"R6","R6","/usr/local/lib/R/site-library","2.4.0",NA,"R (>= 3.0)",NA,NA,"knitr, microbenchmark, pryr, testthat, ggplot2, scales",NA,"MIT + file LICENSE",NA,NA,NA,NA,"no","3.6.1"
"RColorBrewer","RColorBrewer","/usr/local/lib/R/site-library","1.1-2",NA,"R (>= 2.0.0)",NA,NA,NA,NA,"Apache License 2.0",NA,NA,NA,NA,"no","3.6.1"
"Rcpp","Rcpp","/usr/local/lib/R/site-library","1.0.2",NA,"R (>= 3.0.0)","methods, utils",NA,"RUnit, inline, rbenchmark, knitr, rmarkdown, pinp, pkgKitten
(>= 0.1.2)",NA,"GPL (>= 2)",NA,NA,NA,NA,"yes","3.6.1"
"RcppEigen","RcppEigen","/usr/local/lib/R/site-library","0.3.3.5.0",NA,"R (>= 2.15.1)","Matrix (>= 1.1-0), Rcpp (>= 0.11.0), stats, utils","Rcpp","inline, RUnit, pkgKitten, microbenchmark",NA,"GPL (>= 2) | file LICENSE",NA,NA,NA,NA,"yes","3.6.1"
"SparseM","SparseM","/usr/local/lib/R/site-library","1.77",NA,"R (>= 2.15), methods","graphics, stats, utils",NA,NA,NA,"GPL (>= 2)",NA,NA,NA,NA,"yes","3.6.1"
"TTR","TTR","/usr/local/lib/R/site-library","0.23-5",NA,NA,"xts (>= 0.10-0), zoo, curl","xts","RUnit","quantmod","GPL-2",NA,NA,NA,NA,"yes","3.6.1"
"XML","XML","/usr/local/lib/R/site-library","3.98-1.20",NA,"R (>= 2.13.0), methods, utils",NA,NA,"bitops, RCurl",NA,"BSD_2_clause + file LICENSE",NA,NA,NA,NA,"yes","3.6.1"
"abind","abind","/usr/local/lib/R/site-library","1.4-5",NA,"R (>= 1.5.0)","methods, utils",NA,NA,NA,"LGPL (>= 2)",NA,NA,NA,NA,"no","3.6.1"
"actuar","actuar","/usr/local/lib/R/site-library","2.3-2",NA,"R (>= 3.3.0)","stats, graphics, expint","expint","MASS",NA,"GPL (>= 2)",NA,NA,NA,NA,"yes","3.6.1"
"askpass","askpass","/usr/local/lib/R/site-library","1.1",NA,NA,"sys (>= 2.1)",NA,"testthat",NA,"MIT + file LICENSE",NA,NA,NA,NA,"yes","3.6.1"
"assertthat","assertthat","/usr/local/lib/R/site-library","0.2.1",NA,NA,"tools",NA,"testthat, covr",NA,"GPL-3",NA,NA,NA,NA,"no","3.6.1"
"attempt","attempt","/usr/local/lib/R/site-library","0.3.0",NA,NA,"rlang",NA,"testthat, knitr, rmarkdown, curl",NA,"MIT + file LICENSE",NA,NA,NA,NA,"no","3.6.1"
"backports","backports","/usr/local/lib/R/site-library","1.1.4",NA,"R (>= 3.0.0)","utils",NA,NA,NA,"GPL-2",NA,NA,NA,NA,"yes","3.6.1"
"base64enc","base64enc","/usr/local/lib/R/site-library","0.1-3",NA,"R (>= 2.9.0)",NA,NA,NA,"png","GPL-2 | GPL-3",NA,NA,NA,NA,"yes","3.6.1"
"biglm","biglm","/usr/local/lib/R/site-library","0.9-1",NA,"DBI, methods",NA,NA,"RSQLite, RODBC","leaps","GPL",NA,NA,NA,NA,"yes","3.6.1"
"brew","brew","/usr/local/lib/R/site-library","1.0-6",NA,NA,NA,NA,NA,NA,"GPL-2",NA,NA,NA,NA,NA,"3.6.1"
"broom","broom","/usr/local/lib/R/site-library","0.5.2",NA,"R (>= 3.1)","backports, dplyr, generics (>= 0.0.2), methods, nlme, purrr,
reshape2, stringr, tibble, tidyr",NA,"AER, akima, AUC, bbmle, betareg, biglm, binGroup, boot, brms,
btergm, car, caret, coda, covr, e1071, emmeans, ergm, gam (>=
1.15), gamlss, gamlss.data, gamlss.dist, geepack, ggplot2,
glmnet, gmm, Hmisc, irlba, joineRML, Kendall, knitr, ks,
Lahman, lavaan, lfe, lme4, lmodel2, lmtest, lsmeans, maps,
maptools, MASS, Matrix, mclust, mgcv, muhaz, multcomp, network,
nnet, orcutt (>= 2.2), ordinal, plm, plyr, poLCA, psych,
quantreg, rgeos, rmarkdown, robust, rsample, rstan, rstanarm,
sp, speedglm, statnet.common, survey, survival, testthat,
tseries, xergm, zoo",NA,"MIT + file LICENSE",NA,NA,NA,NA,"no","3.6.1"
"callr","callr","/usr/local/lib/R/site-library","3.3.2",NA,NA,"processx (>= 3.4.0), R6, utils",NA,"cliapp, covr, crayon, fansi, knitr, pingr, ps, rmarkdown,
rprojroot, spelling, testthat, tibble, withr",NA,"MIT + file LICENSE",NA,NA,NA,NA,"no","3.6.1"
"car","car","/usr/local/lib/R/site-library","3.0-3",NA,"R (>= 3.5.0), carData (>= 3.0-0)","abind, MASS, mgcv, nnet, pbkrtest (>= 0.4-4), quantreg,
grDevices, utils, stats, graphics, maptools, rio, lme4, nlme",NA,"alr4, boot, coxme, leaps, lmtest, Matrix, MatrixModels, rgl
(>= 0.93.960), sandwich, SparseM, survival, survey",NA,"GPL (>= 2)",NA,NA,NA,NA,"no","3.6.1"
"carData","carData","/usr/local/lib/R/site-library","3.0-2",NA,"R (>= 3.0)",NA,NA,NA,NA,"GPL (>= 2)",NA,NA,NA,NA,"no","3.6.1"
"cellranger","cellranger","/usr/local/lib/R/site-library","1.1.0",NA,"R (>= 3.0.0)","rematch, tibble",NA,"covr, testthat (>= 1.0.0), knitr, rmarkdown",NA,"MIT + file LICENSE",NA,NA,NA,NA,"no","3.6.1"
"cli","cli","/usr/local/lib/R/site-library","1.1.0",NA,"R (>= 2.10)","assertthat, crayon (>= 1.3.4), methods, utils",NA,"covr, fansi, mockery, testthat, webshot, withr",NA,"MIT + file LICENSE",NA,NA,NA,NA,"no","3.6.1"
"clipr","clipr","/usr/local/lib/R/site-library","0.7.0",NA,NA,"utils",NA,"covr, knitr, rmarkdown, rstudioapi (>= 0.5), testthat (>=
2.0.0)",NA,"GPL-3",NA,NA,NA,NA,"no","3.6.1"
"clisymbols","clisymbols","/usr/local/lib/R/site-library","1.2.0",NA,NA,NA,NA,"testthat",NA,"MIT + file LICENSE",NA,NA,NA,NA,"no","3.6.1"
"coda","coda","/usr/local/lib/R/site-library","0.19-3",NA,"R (>= 2.14.0)","lattice",NA,NA,NA,"GPL (>= 2)",NA,NA,NA,NA,"no","3.6.1"
"colorspace","colorspace","/usr/local/lib/R/site-library","1.4-1",NA,"R (>= 3.0.0), methods","graphics, grDevices, stats",NA,"datasets, utils, KernSmooth, MASS, kernlab, mvtnorm, vcd,
tcltk, shiny, shinyjs, ggplot2, dplyr, scales, grid, png, jpeg,
knitr, rmarkdown, RColorBrewer, rcartocolor, scico, viridis,
wesanderson",NA,"BSD_3_clause + file LICENSE",NA,NA,NA,NA,"yes","3.6.1"
"commonmark","commonmark","/usr/local/lib/R/site-library","1.7",NA,NA,NA,NA,"curl, testthat, xml2",NA,"BSD_2_clause + file LICENSE",NA,NA,NA,NA,"yes","3.6.1"
"covr","covr","/usr/local/lib/R/site-library","3.3.1",NA,"R (>= 3.1.0), methods","digest, stats, utils, jsonlite, rex, httr, crayon, withr (>=
1.0.2), yaml",NA,"R6, knitr, rmarkdown, htmltools, DT (>= 0.2), testthat,
rlang, rstudioapi (>= 0.2), xml2 (>= 1.0.0), parallel, memoise,
mockery",NA,"GPL-3",NA,NA,NA,NA,"yes","3.6.1"
"cplm","cplm","/usr/local/lib/R/site-library","0.7-8",NA,"R (>= 3.2.0), coda, Matrix, splines, methods","biglm, ggplot2, minqa, nlme, reshape2, statmod, stats, stats4,
tweedie","Matrix",NA,NA,"GPL (>= 2)",NA,NA,NA,NA,"yes","3.6.1"
"crayon","crayon","/usr/local/lib/R/site-library","1.3.4",NA,NA,"grDevices, methods, utils",NA,"mockery, rstudioapi, testthat, withr",NA,"MIT + file LICENSE",NA,NA,NA,NA,"no","3.6.1"
"crosstalk","crosstalk","/usr/local/lib/R/site-library","1.0.0",NA,NA,"htmltools (>= 0.3.5), jsonlite, lazyeval, R6, shiny (>= 0.11),
ggplot2",NA,NA,NA,"MIT + file LICENSE",NA,NA,NA,NA,"no","3.6.1"
"curl","curl","/usr/local/lib/R/site-library","4.2",NA,"R (>= 3.0.0)",NA,NA,"askpass, spelling, testthat (>= 1.0.0), knitr, jsonlite,
rmarkdown, magrittr, httpuv (>= 1.4.4), webutils",NA,"MIT + file LICENSE",NA,NA,NA,NA,"yes","3.6.1"
"data.table","data.table","/usr/local/lib/R/site-library","1.12.2",NA,"R (>= 3.1.0)","methods",NA,"bit64, curl, R.utils, knitr, xts, nanotime, zoo",NA,"MPL-2.0 | file LICENSE",NA,NA,NA,NA,"yes","3.6.1"
"debugme","debugme","/usr/local/lib/R/site-library","1.1.0",NA,NA,"crayon, grDevices",NA,"covr, mockery, R6, testthat, withr",NA,"MIT + file LICENSE",NA,NA,NA,NA,"no","3.6.1"
"desc","desc","/usr/local/lib/R/site-library","1.2.0",NA,"R (>= 3.1.0)","assertthat, utils, R6, crayon, rprojroot",NA,"covr, testthat, whoami, withr",NA,"MIT + file LICENSE",NA,NA,NA,NA,"no","3.6.1"
"devtools","devtools","/usr/local/lib/R/site-library","2.2.1",NA,"R (>= 3.0.2), usethis (>= 1.5.0)","callr, cli, covr (>= 3.2.0), crayon, desc, digest, DT,
ellipsis (>= 0.3.0), glue, git2r (>= 0.23.0), httr (>= 0.4),
jsonlite, memoise (>= 1.0.0), pkgbuild (>= 1.0.3), pkgload (>=
1.0.2), rcmdcheck (>= 1.3.3), remotes (>= 2.1.0), rlang,
roxygen2 (>= 6.1.1), rstudioapi (>= 0.7), rversions,
sessioninfo (>= 1.1.1), stats, testthat (>= 2.1.1), tools,
utils, withr",NA,"BiocManager, bitops, curl (>= 0.9), evaluate, foghorn (>=
1.1.0), gmailr (> 0.7.0), knitr, lintr (>= 0.2.1), mockery,
pingr, MASS, pkgdown, Rcpp (>= 0.10.0), rhub (>= 1.0.2),
rmarkdown, spelling (>= 1.1), whisker",NA,"GPL (>= 2)",NA,NA,NA,NA,"no","3.6.1"
"digest","digest","/usr/local/lib/R/site-library","0.6.21",NA,"R (>= 3.1.0)",NA,NA,"tinytest, knitr, rmarkdown",NA,"GPL (>= 2)",NA,NA,NA,NA,"yes","3.6.1"
"dockerfiler","dockerfiler","/usr/local/lib/R/site-library","0.1.3",NA,NA,"attempt, glue, R6, utils",NA,"covr, testthat, knitr, rmarkdown",NA,"MIT + file LICENSE",NA,NA,NA,NA,"no","3.6.1"
"dplyr","dplyr","/usr/local/lib/R/site-library","0.8.3",NA,"R (>= 3.2.0)","assertthat (>= 0.2.0), glue (>= 1.3.0), magrittr (>= 1.5),
methods, pkgconfig, R6, Rcpp (>= 1.0.1), rlang (>= 0.4.0),
tibble (>= 2.0.0), tidyselect (>= 0.2.5), utils","BH, plogr (>= 0.2.0), Rcpp (>= 1.0.1)","bit64, callr, covr, crayon (>= 1.3.4), DBI, dbplyr, dtplyr,
ggplot2, hms, knitr, Lahman, lubridate, MASS, mgcv,
microbenchmark, nycflights13, rmarkdown, RMySQL, RPostgreSQL,
RSQLite, testthat, withr, broom, purrr, readr",NA,"MIT + file LICENSE",NA,NA,NA,NA,"yes","3.6.1"
"ellipsis","ellipsis","/usr/local/lib/R/site-library","0.3.0",NA,"R (>= 3.2)","rlang (>= 0.3.0)",NA,"covr, testthat",NA,"GPL-3",NA,NA,NA,NA,"yes","3.6.1"
"evaluate","evaluate","/usr/local/lib/R/site-library","0.14",NA,"R (>= 3.0.2)","methods",NA,"testthat, lattice, ggplot2",NA,"MIT + file LICENSE",NA,NA,NA,NA,"no","3.6.1"
"expint","expint","/usr/local/lib/R/site-library","0.1-5",NA,"R (>= 3.3.0)",NA,NA,NA,NA,"GPL (>= 2)",NA,NA,NA,NA,"yes","3.6.1"
"fansi","fansi","/usr/local/lib/R/site-library","0.4.0",NA,"R (>= 3.1.0)",NA,NA,"unitizer, knitr, rmarkdown",NA,"GPL (>= 2)",NA,NA,NA,NA,"yes","3.6.1"
"forcats","forcats","/usr/local/lib/R/site-library","0.4.0",NA,"R (>= 3.1)","ellipsis, magrittr, rlang, tibble",NA,"covr, ggplot2, testthat, readr, knitr, rmarkdown, dplyr",NA,"GPL-3",NA,NA,NA,NA,"no","3.6.1"
"formattable","formattable","/usr/local/lib/R/site-library","0.2.0.1",NA,"R (> 3.0.2)","methods, htmltools, htmlwidgets, knitr, rmarkdown",NA,"testthat, DT, shiny, covr",NA,"MIT + file LICENSE",NA,NA,NA,NA,"no","3.6.1"
"fs","fs","/usr/local/lib/R/site-library","1.3.1",NA,"R (>= 3.1)","methods, Rcpp","Rcpp","testthat, covr, pillar (>= 1.0.0), crayon, rmarkdown, knitr,
withr, spelling",NA,"GPL-3",NA,NA,NA,NA,"yes","3.6.1"
"generics","generics","/usr/local/lib/R/site-library","0.0.2",NA,"R (>= 3.1)","methods",NA,"covr, pkgload, testthat, tibble",NA,"GPL-2",NA,NA,NA,NA,"no","3.6.1"
"ggplot2","ggplot2","/usr/local/lib/R/site-library","3.2.1",NA,"R (>= 3.2)","digest, grDevices, grid, gtable (>= 0.1.1), lazyeval, MASS,
mgcv, reshape2, rlang (>= 0.3.0), scales (>= 0.5.0), stats,
tibble, viridisLite, withr (>= 2.0.0)",NA,"covr, dplyr, ggplot2movies, hexbin, Hmisc, knitr, lattice,
mapproj, maps, maptools, multcomp, munsell, nlme, profvis,
quantreg, rgeos, rmarkdown, rpart, sf (>= 0.7-3), svglite (>=
1.2.0.9001), testthat (>= 0.11.0), vdiffr (>= 0.3.0)","sp","GPL-2 | file LICENSE",NA,NA,NA,NA,"no","3.6.1"
"gh","gh","/usr/local/lib/R/site-library","1.0.1",NA,NA,"ini, jsonlite, httr",NA,"covr, pingr, testthat",NA,"MIT + file LICENSE",NA,NA,NA,NA,"no","3.6.1"
"git2r","git2r","/usr/local/lib/R/site-library","0.26.1",NA,"R (>= 3.1)","graphics, utils",NA,"getPass",NA,"GPL-2",NA,NA,NA,NA,"yes","3.6.1"
"glue","glue","/usr/local/lib/R/site-library","1.3.1",NA,"R (>= 3.1)","methods",NA,"testthat, covr, magrittr, crayon, knitr, rmarkdown, DBI,
RSQLite, R.utils, forcats, microbenchmark, rprintf, stringr,
ggplot2, dplyr, withr",NA,"MIT + file LICENSE",NA,NA,NA,NA,"yes","3.6.1"
"golem","golem","/usr/local/lib/R/site-library","0.1",NA,"R (>= 3.0)","attempt, cli, crayon, desc, dockerfiler, DT, glue, htmltools,
pkgload, processx, remotes, rlang, roxygen2, rsconnect,
rstudioapi, shiny, stats, stringr, testthat, tools, usethis,
utils, yesno",NA,"covr, knitr, pkgdown, purrr, rcmdcheck, rmarkdown, withr",NA,"MIT + file LICENSE",NA,NA,NA,NA,"no","3.6.1"
"gtable","gtable","/usr/local/lib/R/site-library","0.3.0",NA,"R (>= 3.0)","grid",NA,"covr, testthat, knitr, rmarkdown, ggplot2, profvis",NA,"GPL-2",NA,NA,NA,NA,"no","3.6.1"
"haven","haven","/usr/local/lib/R/site-library","2.1.1",NA,"R (>= 3.2)","forcats (>= 0.2.0), hms, Rcpp (>= 0.11.4), readr (>= 0.1.0),
tibble","Rcpp","covr, fs, knitr, rmarkdown, testthat, pillar (>= 1.1.1), cli,
crayon",NA,"MIT + file LICENSE",NA,NA,NA,NA,"yes","3.6.1"
"hexbin","hexbin","/usr/local/lib/R/site-library","1.27.3",NA,"R (>= 2.0.1), methods","lattice, grid, graphics, grDevices, stats, utils",NA,"marray, affy, Biobase, limma",NA,"GPL-2",NA,NA,NA,NA,"yes","3.6.1"
"highcharter","highcharter","/usr/local/lib/R/site-library","0.7.0",NA,"R (>= 2.10)","htmlwidgets, magrittr, purrr, rlist, assertthat, zoo, dplyr
(>= 0.7.0), tibble (>= 1.1), stringr, broom, xts, quantmod,
tidyr, htmltools, jsonlite, igraph, lubridate, crosstalk, yaml,
rlang(>= 0.1.1), whisker",NA,"knitr, rmarkdown, survival, ggplot2, httr, viridisLite,
shiny, MASS, gapminder",NA,"MIT + file LICENSE",NA,NA,NA,NA,"no","3.6.1"
"highr","highr","/usr/local/lib/R/site-library","0.8",NA,"R (>= 3.2.3)",NA,NA,"knitr, testit",NA,"GPL",NA,NA,NA,NA,"no","3.6.1"
"hms","hms","/usr/local/lib/R/site-library","0.5.1",NA,NA,"methods, pkgconfig, rlang, vctrs (>= 0.2.0)",NA,"crayon, lubridate, pillar (>= 1.1.0), testthat",NA,"GPL-3",NA,NA,NA,NA,"no","3.6.1"
"htmltools","htmltools","/usr/local/lib/R/site-library","0.3.6",NA,"R (>= 2.14.1)","utils, digest, Rcpp","Rcpp","markdown, testthat","knitr","GPL (>= 2)",NA,NA,NA,NA,"yes","3.6.1"
"htmlwidgets","htmlwidgets","/usr/local/lib/R/site-library","1.3",NA,NA,"grDevices, htmltools (>= 0.3), jsonlite (>= 0.9.16), yaml",NA,"knitr (>= 1.8)","shiny (>= 1.1)","MIT + file LICENSE",NA,NA,NA,NA,"no","3.6.1"
"httpuv","httpuv","/usr/local/lib/R/site-library","1.5.2",NA,"R (>= 2.15.1)","Rcpp (>= 0.11.0), utils, R6, promises, later (>= 0.8.0)","Rcpp, BH, later","testthat, callr, curl, websocket",NA,"GPL (>= 2) | file LICENSE",NA,NA,NA,NA,"yes","3.6.1"
"httr","httr","/usr/local/lib/R/site-library","1.4.1",NA,"R (>= 3.2)","curl (>= 3.0.0), jsonlite, mime, openssl (>= 0.8), R6",NA,"covr, httpuv, jpeg, knitr, png, readr, rmarkdown, testthat
(>= 0.8.0), xml2",NA,"MIT + file LICENSE",NA,NA,NA,NA,"no","3.6.1"
"igraph","igraph","/usr/local/lib/R/site-library","1.2.4.1",NA,"methods","graphics, grDevices, magrittr, Matrix, pkgconfig (>= 2.0.0),
stats, utils",NA,"ape, digest, graph, igraphdata, rgl, scales, stats4, tcltk,
testthat",NA,"GPL (>= 2)",NA,NA,NA,NA,"yes","3.6.1"
"ini","ini","/usr/local/lib/R/site-library","0.3.1",NA,NA,NA,NA,"testthat",NA,"GPL-3",NA,NA,NA,NA,"no","3.6.1"
"jsonlite","jsonlite","/usr/local/lib/R/site-library","1.6",NA,"methods",NA,NA,"httr, curl, plyr, testthat, knitr, rmarkdown, R.rsp, sp",NA,"MIT + file LICENSE",NA,NA,NA,NA,"yes","3.6.1"
"knitr","knitr","/usr/local/lib/R/site-library","1.25",NA,"R (>= 3.2.3)","evaluate (>= 0.10), highr, markdown, stringr (>= 0.6), yaml
(>= 2.1.19), methods, xfun, tools",NA,"formatR, testit, digest, rgl (>= 0.95.1201), codetools,
rmarkdown, htmlwidgets (>= 0.7), webshot, tikzDevice (>= 0.10),
tinytex, reticulate (>= 1.4), JuliaCall (>= 0.11.1), magick,
png, jpeg, gifski, xml2 (>= 1.2.0), httr, DBI (>= 0.4-1),
showtext, tibble, sass, styler",NA,"GPL",NA,NA,NA,NA,"no","3.6.1"
"labeling","labeling","/usr/local/lib/R/site-library","0.3",NA,NA,NA,NA,NA,NA,"MIT + file LICENSE | Unlimited",NA,NA,NA,NA,"no","3.6.1"
"later","later","/usr/local/lib/R/site-library","0.8.0",NA,NA,"Rcpp (>= 0.12.9), rlang","Rcpp, BH","knitr, rmarkdown, testthat",NA,"GPL (>= 2)",NA,NA,NA,NA,"yes","3.6.1"
"lazyeval","lazyeval","/usr/local/lib/R/site-library","0.2.2",NA,"R (>= 3.1.0)",NA,NA,"knitr, rmarkdown (>= 0.2.65), testthat, covr",NA,"GPL-3",NA,NA,NA,NA,"yes","3.6.1"
"lifecycle","lifecycle","/usr/local/lib/R/site-library","0.1.0",NA,"R (>= 3.2)","glue, rlang (>= 0.4.0)",NA,"covr, crayon, knitr, rmarkdown, testthat (>= 2.1.0)",NA,"GPL-3",NA,NA,NA,NA,"no","3.6.1"
"lme4","lme4","/usr/local/lib/R/site-library","1.1-21",NA,"R (>= 3.2.0), Matrix (>= 1.2-1), methods, stats","graphics, grid, splines, utils, parallel, MASS, lattice, boot,
nlme (>= 3.1-123), minqa (>= 1.1.15), nloptr (>= 1.0.4)","Rcpp (>= 0.10.5), RcppEigen","knitr, rmarkdown, PKPDmodels, MEMSS, testthat (>= 0.8.1),
ggplot2, mlmRev, optimx (>= 2013.8.6), gamm4, pbkrtest, HSAUR2,
numDeriv, car, dfoptim",NA,"GPL (>= 2)",NA,NA,NA,NA,"yes","3.6.1"
"lmtest","lmtest","/usr/local/lib/R/site-library","0.9-37",NA,"R (>= 3.0.0), stats, zoo","graphics",NA,"car, strucchange, sandwich, dynlm, stats4, survival, AER",NA,"GPL-2 | GPL-3",NA,NA,NA,NA,"yes","3.6.1"
"lubridate","lubridate","/usr/local/lib/R/site-library","1.7.4",NA,"methods, R (>= 3.0.0)","stringr, Rcpp (>= 0.12.13),","Rcpp,","testthat, knitr, covr","chron, fts, timeSeries, timeDate, tis, tseries, xts, zoo","GPL (>= 2)",NA,NA,NA,NA,"yes","3.6.1"
"magrittr","magrittr","/usr/local/lib/R/site-library","1.5",NA,NA,NA,NA,"testthat, knitr",NA,"MIT + file LICENSE",NA,NA,NA,NA,"no","3.6.1"
"maptools","maptools","/usr/local/lib/R/site-library","0.9-5",NA,"R (>= 2.10), sp (>= 1.0-11)","foreign (>= 0.8), methods, grid, lattice, stats, utils,
grDevices",NA,"rgeos (>= 0.1-8), spatstat (>= 1.50), PBSmapping, maps,
RColorBrewer, raster, polyclip, spatstat.utils","gpclib, RArcInfo","GPL (>= 2)",NA,NA,NA,NA,"yes","3.6.1"
"markdown","markdown","/usr/local/lib/R/site-library","1.1",NA,"R (>= 2.11.1)","utils, xfun, mime (>= 0.3)",NA,"knitr, RCurl",NA,"GPL-2",NA,NA,NA,NA,"yes","3.6.1"
"memoise","memoise","/usr/local/lib/R/site-library","1.1.0",NA,NA,"digest (>= 0.6.3)",NA,"testthat, aws.s3, httr, covr",NA,"MIT + file LICENSE",NA,NA,NA,NA,"no","3.6.1"
"mime","mime","/usr/local/lib/R/site-library","0.7",NA,NA,"tools",NA,NA,NA,"GPL",NA,NA,NA,NA,"yes","3.6.1"
"minqa","minqa","/usr/local/lib/R/site-library","1.2.4",NA,NA,"Rcpp (>= 0.9.10)","Rcpp",NA,NA,"GPL-2",NA,NA,NA,NA,"yes","3.6.1"
"munsell","munsell","/usr/local/lib/R/site-library","0.5.0",NA,NA,"colorspace, methods",NA,"ggplot2, testthat",NA,"MIT + file LICENSE",NA,NA,NA,NA,"no","3.6.1"
"nloptr","nloptr","/usr/local/lib/R/site-library","1.2.1",NA,NA,NA,NA,"testthat (>= 0.8.1), knitr, rmarkdown, inline (>= 0.3.14)",NA,"LGPL-3",NA,NA,NA,NA,"yes","3.6.1"
"openssl","openssl","/usr/local/lib/R/site-library","1.4.1",NA,NA,"askpass",NA,"testthat, digest, knitr, rmarkdown, jsonlite, jose, sodium",NA,"MIT + file LICENSE",NA,NA,NA,NA,"yes","3.6.1"
"openxlsx","openxlsx","/usr/local/lib/R/site-library","4.1.0.1",NA,"R (>= 3.3.0)","methods, Rcpp, grDevices, stats, utils, zip","Rcpp","knitr, testthat",NA,"MIT + file LICENSE",NA,NA,NA,NA,"yes","3.6.1"
"packrat","packrat","/usr/local/lib/R/site-library","0.5.0",NA,"R (>= 3.0.0)","tools, utils",NA,"testthat (>= 0.7), devtools, httr, knitr, rmarkdown",NA,"GPL-2",NA,NA,NA,NA,"no","3.6.1"
"parsedate","parsedate","/usr/local/lib/R/site-library","1.2.0",NA,NA,"rematch2",NA,"covr, testthat, withr",NA,"GPL-2",NA,NA,NA,NA,"yes","3.6.1"
"pbkrtest","pbkrtest","/usr/local/lib/R/site-library","0.4-7",NA,"R (>= 3.2.3), lme4 (>= 1.1.10)","Matrix (>= 1.2.3), parallel, MASS, methods",NA,NA,NA,"GPL (>= 2)",NA,NA,NA,NA,"no","3.6.1"
"pillar","pillar","/usr/local/lib/R/site-library","1.4.2",NA,NA,"cli, crayon (>= 1.3.4), fansi, rlang (>= 0.3.0), utf8 (>=
1.1.0), vctrs",NA,"knitr, lubridate, testthat, withr",NA,"GPL-3",NA,NA,NA,NA,"no","3.6.1"
"pingr","pingr","/usr/local/lib/R/site-library","1.1.2",NA,NA,NA,NA,"testthat",NA,"MIT + file LICENSE",NA,NA,NA,NA,"yes","3.6.1"
"pkgbuild","pkgbuild","/usr/local/lib/R/site-library","1.0.5",NA,"R (>= 3.1)","callr (>= 3.2.0), cli, crayon, desc, prettyunits, R6,
rprojroot, withr (>= 2.1.2)",NA,"Rcpp, testthat, covr",NA,"GPL-3",NA,NA,NA,NA,"no","3.6.1"
"pkgconfig","pkgconfig","/usr/local/lib/R/site-library","2.0.3",NA,NA,"utils",NA,"covr, testthat, disposables (>= 1.0.3)",NA,"MIT + file LICENSE",NA,NA,NA,NA,"no","3.6.1"
"pkgload","pkgload","/usr/local/lib/R/site-library","1.0.2",NA,NA,"desc, methods, pkgbuild, rlang, rprojroot, rstudioapi, utils,
withr",NA,"bitops, covr, Rcpp, testthat",NA,"GPL-3",NA,NA,NA,NA,"yes","3.6.1"
"plogr","plogr","/usr/local/lib/R/site-library","0.2.0",NA,NA,NA,NA,"Rcpp",NA,"MIT + file LICENSE",NA,NA,NA,NA,"no","3.6.1"
"plotly","plotly","/usr/local/lib/R/site-library","4.9.0",NA,"R (>= 3.2.0), ggplot2 (>= 3.0.0)","tools, scales, httr, jsonlite (>= 1.6), magrittr, digest,
viridisLite, base64enc, htmltools (>= 0.3.6), htmlwidgets (>=
1.3), tidyr, hexbin, RColorBrewer, dplyr, tibble, lazyeval (>=
0.2.0), rlang, crosstalk, purrr, data.table, promises",NA,"MASS, maps, ggthemes, GGally, testthat, knitr, devtools,
shiny (>= 1.1.0), shinytest (>= 1.3.0), curl, rmarkdown,
vdiffr, Cairo, broom, webshot, listviewer, dendextend, sf,
maptools, rgeos, png, IRdisplay, processx, plotlyGeoAssets,
forcats",NA,"MIT + file LICENSE",NA,NA,NA,NA,"no","3.6.1"
"plyr","plyr","/usr/local/lib/R/site-library","1.8.4",NA,"R (>= 3.1.0)","Rcpp (>= 0.11.0)","Rcpp","abind, testthat, tcltk, foreach, doParallel, itertools,
iterators, covr",NA,"MIT + file LICENSE",NA,NA,NA,NA,"yes","3.6.1"
"png","png","/usr/local/lib/R/site-library","0.1-7",NA,"R (>= 2.9.0)",NA,NA,NA,NA,"GPL-2 | GPL-3",NA,NA,NA,NA,"yes","3.6.1"
"praise","praise","/usr/local/lib/R/site-library","1.0.0",NA,NA,NA,NA,"testthat",NA,"MIT + file LICENSE",NA,NA,NA,NA,"no","3.6.1"
"prettyunits","prettyunits","/usr/local/lib/R/site-library","1.0.2",NA,NA,"magrittr, assertthat, methods",NA,"testthat",NA,"MIT + file LICENSE",NA,NA,NA,NA,"no","3.6.1"
"processx","processx","/usr/local/lib/R/site-library","3.4.1",NA,NA,"ps (>= 1.2.0), R6, utils",NA,"callr (>= 3.2.0), codetools, covr, crayon, curl, debugme,
parallel, testthat, withr",NA,"MIT + file LICENSE",NA,NA,NA,NA,"yes","3.6.1"
"progress","progress","/usr/local/lib/R/site-library","1.2.2",NA,NA,"hms, prettyunits, R6, crayon",NA,"Rcpp, testthat, withr",NA,"MIT + file LICENSE",NA,NA,NA,NA,"no","3.6.1"
"promises","promises","/usr/local/lib/R/site-library","1.0.1",NA,NA,"R6, Rcpp, later, rlang, stats, magrittr","later, Rcpp","testthat, future, knitr, rmarkdown",NA,"MIT + file LICENSE",NA,NA,NA,NA,"yes","3.6.1"
"ps","ps","/usr/local/lib/R/site-library","1.3.0",NA,"R (>= 3.1)","utils",NA,"callr, covr, curl, pingr, processx (>= 3.1.0), R6, rlang,
testthat, tibble",NA,"BSD_3_clause + file LICENSE",NA,NA,NA,NA,"yes","3.6.1"
"purrr","purrr","/usr/local/lib/R/site-library","0.3.2",NA,"R (>= 3.1)","magrittr (>= 1.5), rlang (>= 0.3.1)",NA,"covr, crayon, dplyr (>= 0.7.8), knitr, rmarkdown, testthat,
tibble, tidyselect",NA,"GPL-3 | file LICENSE",NA,NA,NA,NA,"yes","3.6.1"
"quantmod","quantmod","/usr/local/lib/R/site-library","0.4-15",NA,"R (>= 3.2.0), xts(>= 0.9-0), zoo, TTR(>= 0.2), methods","curl",NA,"DBI,RMySQL,RSQLite,timeSeries,XML,downloader,jsonlite(>= 1.1)",NA,"GPL-3",NA,NA,NA,NA,"no","3.6.1"
"quantreg","quantreg","/usr/local/lib/R/site-library","5.51",NA,"R (>= 2.6), stats, SparseM","methods, graphics, Matrix, MatrixModels",NA,"tripack, akima, MASS, survival, rgl, logspline, nor1mix,
Formula, zoo, R.rsp",NA,"GPL (>= 2)",NA,NA,NA,NA,"yes","3.6.1"
"rcmdcheck","rcmdcheck","/usr/local/lib/R/site-library","1.3.3",NA,NA,"callr (>= 3.1.1.9000), cli (>= 1.1.0), crayon, desc (>=
1.2.0), digest, pkgbuild, prettyunits, R6, rprojroot,
sessioninfo (>= 1.1.1), utils, withr, xopen",NA,"covr, knitr, mockery, rmarkdown, testthat",NA,"MIT + file LICENSE",NA,NA,NA,NA,"no","3.6.1"
"readr","readr","/usr/local/lib/R/site-library","1.3.1",NA,"R (>= 3.1)","Rcpp (>= 0.12.0.5), tibble, hms (>= 0.4.1), R6, clipr, crayon,
methods","Rcpp, BH","curl, testthat, knitr, rmarkdown, stringi, covr, spelling",NA,"GPL (>= 2) | file LICENSE",NA,NA,NA,NA,"yes","3.6.1"
"readxl","readxl","/usr/local/lib/R/site-library","1.3.1",NA,NA,"cellranger, Rcpp (>= 0.12.18), tibble (>= 1.3.1), utils","progress, Rcpp","covr, knitr, rmarkdown, rprojroot (>= 1.1), testthat",NA,"GPL-3",NA,NA,NA,NA,"yes","3.6.1"
"rematch","rematch","/usr/local/lib/R/site-library","1.0.1",NA,NA,NA,NA,"covr, testthat",NA,"MIT + file LICENSE",NA,NA,NA,NA,"no","3.6.1"
"rematch2","rematch2","/usr/local/lib/R/site-library","2.1.0",NA,NA,"tibble",NA,"covr, testthat",NA,"MIT + file LICENSE",NA,NA,NA,NA,"no","3.6.1"
"remotes","remotes","/usr/local/lib/R/site-library","2.1.0",NA,"R (>= 3.0.0)","methods, stats, tools, utils",NA,"brew, callr, codetools, curl, covr, git2r (>= 0.23.0), knitr,
mockery, pkgbuild (>= 1.0.1), pingr, rmarkdown, rprojroot,
testthat, withr",NA,"GPL (>= 2)",NA,NA,NA,NA,"no","3.6.1"
"reshape2","reshape2","/usr/local/lib/R/site-library","1.4.3",NA,"R (>= 3.1)","plyr (>= 1.8.1), Rcpp, stringr","Rcpp","covr, lattice, testthat (>= 0.8.0)",NA,"MIT + file LICENSE",NA,NA,NA,NA,"yes","3.6.1"
"rex","rex","/usr/local/lib/R/site-library","1.1.2",NA,NA,"magrittr, lazyeval",NA,"testthat, knitr, rmarkdown, dplyr, ggplot2, Hmisc, stringr,
rvest, roxygen2, covr",NA,"MIT + file LICENSE",NA,NA,NA,NA,"no","3.6.1"
"rio","rio","/usr/local/lib/R/site-library","0.5.16",NA,"R (>= 2.15.0)","tools, stats, utils, foreign, haven (>= 1.1.0), curl (>= 0.6),
data.table (>= 1.9.8), readxl (>= 0.1.1), openxlsx, tibble",NA,"datasets, bit64, testthat, knitr, magrittr, clipr, csvy,
feather, fst, hexView, jsonlite, readODS (>= 1.6.4), readr,
rmatio, xml2 (>= 1.2.0), yaml",NA,"GPL-2",NA,NA,NA,NA,"no","3.6.1"
"rlang","rlang","/usr/local/lib/R/site-library","0.4.0",NA,"R (>= 3.2.0)",NA,NA,"covr, crayon, magrittr, methods, pillar, rmarkdown, testthat
(>= 2.0.0)",NA,"GPL-3",NA,NA,NA,NA,"yes","3.6.1"
"rlist","rlist","/usr/local/lib/R/site-library","0.4.6.1",NA,"R (>= 2.15)","yaml, jsonlite, XML, data.table",NA,"testthat, stringdist, pipeR",NA,"MIT + file LICENSE",NA,NA,NA,NA,"no","3.6.1"
"rmarkdown","rmarkdown","/usr/local/lib/R/site-library","1.15",NA,"R (>= 3.0)","tools, utils, knitr (>= 1.22), yaml (>= 2.1.19), htmltools (>=
0.3.5), evaluate (>= 0.13), base64enc, jsonlite, mime, tinytex
(>= 0.11), xfun, methods, stringr (>= 1.2.0)",NA,"shiny (>= 0.11), tufte, testthat, digest, dygraphs, tibble,
fs, pkgdown, callr (>= 2.0.0)",NA,"GPL-3",NA,NA,NA,NA,"no","3.6.1"
"roxygen2","roxygen2","/usr/local/lib/R/site-library","6.1.1",NA,"R (>= 3.1)","brew, commonmark, desc (>= 1.2.0), digest, methods, pkgload
(>= 1.0.2), purrr, R6 (>= 2.1.2), Rcpp (>= 0.11.0), stringi,
stringr (>= 1.0.0), utils, xml2","Rcpp","covr, devtools, knitr, rmarkdown, testthat (>= 0.8.0)",NA,"GPL (>= 2)",NA,NA,NA,NA,"yes","3.6.1"
"rprojroot","rprojroot","/usr/local/lib/R/site-library","1.3-2",NA,"R (>= 3.0.0)","backports",NA,"testthat, mockr, knitr, withr, rmarkdown",NA,"GPL-3",NA,NA,NA,NA,"no","3.6.1"
"rsconnect","rsconnect","/usr/local/lib/R/site-library","0.8.15",NA,"R (>= 3.0.0)","curl, jsonlite, openssl, packrat (>= 0.4.8-1), rstudioapi (>=
0.5), yaml (>= 2.1.5)",NA,"RCurl, callr, httpuv, knitr, plumber (>= 0.3.2), reticulate,
rmarkdown (>= 1.1), shiny, sourcetools, testthat, xtable",NA,"GPL-2",NA,NA,NA,NA,"no","3.6.1"
"rstudioapi","rstudioapi","/usr/local/lib/R/site-library","0.10",NA,NA,NA,NA,"testthat, knitr, rmarkdown",NA,"MIT + file LICENSE",NA,NA,NA,NA,"no","3.6.1"
"rversions","rversions","/usr/local/lib/R/site-library","2.0.0",NA,NA,"curl, xml2 (>= 1.0.0), utils",NA,"mockery, testthat",NA,"MIT + file LICENSE",NA,NA,NA,NA,"no","3.6.1"
"sandwich","sandwich","/usr/local/lib/R/site-library","2.5-1",NA,"R (>= 2.10.0)","stats, utils, zoo",NA,"AER, car, geepack, lattice, lmtest, MASS, multiwayvcov,
parallel, pcse, plm, pscl, scatterplot3d, stats4, strucchange,
survival",NA,"GPL-2 | GPL-3",NA,NA,NA,NA,"no","3.6.1"
"scales","scales","/usr/local/lib/R/site-library","1.0.0",NA,"R (>= 3.1)","labeling, munsell (>= 0.5), R6, RColorBrewer, Rcpp,
viridisLite","Rcpp","dichromat, bit64, covr, hms, testthat (>= 2.0)",NA,"MIT + file LICENSE",NA,NA,NA,NA,"yes","3.6.1"
"sessioninfo","sessioninfo","/usr/local/lib/R/site-library","1.1.1",NA,NA,"cli, tools, utils, withr",NA,"callr, covr, mockery, testthat",NA,"GPL-2",NA,NA,NA,NA,"no","3.6.1"
"shiny","shiny","/usr/local/lib/R/site-library","1.3.2",NA,"R (>= 3.0.2), methods","utils, grDevices, httpuv (>= 1.5.0), mime (>= 0.3), jsonlite
(>= 0.9.16), xtable, digest, htmltools (>= 0.3.6), R6 (>= 2.0),
sourcetools, later (>= 0.7.2), promises (>= 1.0.1), tools,
crayon, rlang",NA,"datasets, Cairo (>= 1.5-5), testthat, knitr (>= 1.6),
markdown, rmarkdown, ggplot2, reactlog (>= 1.0.0), magrittr",NA,"GPL-3 | file LICENSE",NA,NA,NA,NA,"no","3.6.1"
"shiny.router","shiny.router","/usr/local/lib/R/site-library","0.1.1",NA,NA,"magrittr, shiny",NA,"testthat",NA,"MIT + file LICENSE",NA,NA,NA,NA,"no","3.6.1"
"shinyWidgets","shinyWidgets","/usr/local/lib/R/site-library","0.4.9",NA,"R (>= 3.1.0)","shiny (>= 0.14), htmltools, jsonlite, grDevices, scales",NA,"shinydashboard, viridisLite, RColorBrewer, testthat, covr,
shinydashboardPlus, bs4Dash, argonR, argonDash, tablerDash",NA,"GPL-3 | file LICENSE",NA,NA,NA,NA,"no","3.6.1"
"shinydashboard","shinydashboard","/usr/local/lib/R/site-library","0.7.1",NA,"R (>= 3.0)","utils, shiny (>= 1.0.0), htmltools (>= 0.2.6), promises",NA,NA,NA,"GPL (>= 2) | file LICENSE",NA,NA,NA,NA,"no","3.6.1"
"shinyjs","shinyjs","/usr/local/lib/R/site-library","1.0",NA,"R (>= 3.1.0)","digest (>= 0.6.8), htmltools (>= 0.2.9), jsonlite, shiny (>=
1.0.0)",NA,"knitr (>= 1.7), rmarkdown, shinyAce, testthat (>= 0.9.1), V8
(>= 0.6)",NA,"AGPL-3",NA,NA,NA,NA,"no","3.6.1"
"shinytest","shinytest","/usr/local/lib/R/site-library","1.3.1",NA,NA,"assertthat, digest, crayon, debugme, parsedate, pingr, callr
(>= 2.0.3), R6, rematch, httr, shiny (>= 1.0.4), testthat (>=
1.0.0), utils, webdriver (>= 1.0.5), htmlwidgets, jsonlite,
withr, httpuv, rstudioapi (>= 0.8.0.9002)",NA,"rmarkdown, flexdashboard",NA,"MIT + file LICENSE",NA,NA,NA,NA,"no","3.6.1"
"showimage","showimage","/usr/local/lib/R/site-library","1.0.0",NA,NA,"png, tools",NA,"covr, testthat",NA,"GPL-2 | GPL-3",NA,NA,NA,NA,"no","3.6.1"
"sourcetools","sourcetools","/usr/local/lib/R/site-library","0.1.7",NA,"R (>= 3.0.2)",NA,NA,"testthat",NA,"MIT + file LICENSE",NA,NA,NA,NA,"yes","3.6.1"
"sp","sp","/usr/local/lib/R/site-library","1.3-1",NA,"R (>= 3.0.0), methods","utils, stats, graphics, grDevices, lattice, grid",NA,"RColorBrewer, rgdal (>= 0.8-7), rgeos (>= 0.3-13), gstat,
maptools, deldir",NA,"GPL (>= 2)",NA,NA,NA,NA,"yes","3.6.1"
"statmod","statmod","/usr/local/lib/R/site-library","1.4.32",NA,"R (>= 3.0.0)","stats, graphics",NA,"MASS, tweedie",NA,"GPL-2 | GPL-3",NA,NA,NA,NA,"yes","3.6.1"
"stringi","stringi","/usr/local/lib/R/site-library","1.4.3",NA,"R (>= 2.14)","tools, utils, stats",NA,NA,NA,"file LICENSE","yes",NA,NA,NA,"yes","3.6.1"
"stringr","stringr","/usr/local/lib/R/site-library","1.4.0",NA,"R (>= 3.1)","glue (>= 1.2.0), magrittr, stringi (>= 1.1.7)",NA,"covr, htmltools, htmlwidgets, knitr, rmarkdown, testthat",NA,"GPL-2 | file LICENSE",NA,NA,NA,NA,"no","3.6.1"
"sys","sys","/usr/local/lib/R/site-library","3.3",NA,NA,NA,NA,"unix (>= 1.4), spelling, testthat",NA,"MIT + file LICENSE",NA,NA,NA,NA,"yes","3.6.1"
"systemfit","systemfit","/usr/local/lib/R/site-library","1.1-22",NA,"R (>= 3.2.0), Matrix, car (>= 2.0-0), lmtest","stats (>= 2.14.0), sandwich (>= 2.2-9), MASS, methods",NA,"plm (>= 1.0-1), sem (>= 2.0-0)",NA,"GPL (>= 2)",NA,NA,NA,NA,"no","3.6.1"
"testthat","testthat","/usr/local/lib/R/site-library","2.2.1",NA,"R (>= 3.1)","cli, crayon (>= 1.3.4), digest, evaluate, magrittr, methods,
praise, R6 (>= 2.2.0), rlang (>= 0.3.0), withr (>= 2.0.0)",NA,"covr, curl (>= 0.9.5), devtools, knitr, rmarkdown, usethis,
vctrs (>= 0.1.0), xml2",NA,"MIT + file LICENSE",NA,NA,NA,NA,"yes","3.6.1"
"tibble","tibble","/usr/local/lib/R/site-library","2.1.3",NA,"R (>= 3.1.0)","cli, crayon (>= 1.3.4), fansi (>= 0.4.0), methods, pillar (>=
1.3.1), pkgconfig, rlang (>= 0.3.0), utils",NA,"bench, covr, dplyr, htmltools, import, knitr, mockr,
nycflights13, rmarkdown, testthat, withr",NA,"MIT + file LICENSE",NA,NA,NA,NA,"yes","3.6.1"
"tidyr","tidyr","/usr/local/lib/R/site-library","1.0.0",NA,"R (>= 3.1)","dplyr (>= 0.8.2), ellipsis (>= 0.1.0), glue, magrittr, purrr,
Rcpp, rlang, stringi, tibble (>= 2.1.1), tidyselect (>= 0.2.5),
utils, vctrs (>= 0.2.0), lifecycle","Rcpp","covr, jsonlite, knitr, repurrrsive (>= 1.0.0), rmarkdown,
readr, testthat (>= 2.1.0)",NA,"MIT + file LICENSE",NA,NA,NA,NA,"yes","3.6.1"
"tidyselect","tidyselect","/usr/local/lib/R/site-library","0.2.5",NA,"R (>= 3.1)","glue (>= 1.3.0), purrr, rlang (>= 0.2.2), Rcpp (>= 0.12.0)","Rcpp (>= 0.12.0),","covr, dplyr, testthat",NA,"GPL-3",NA,NA,NA,NA,"yes","3.6.1"
"tinytex","tinytex","/usr/local/lib/R/site-library","0.16",NA,NA,"xfun (>= 0.5)",NA,"testit, rstudioapi",NA,"MIT + file LICENSE",NA,NA,NA,NA,"no","3.6.1"
"tweedie","tweedie","/usr/local/lib/R/site-library","2.3.2",NA,"R (>= 2.8.0)",NA,NA,"stabledist, statmod(>= 1.4.20)",NA,"GPL (>= 2)",NA,NA,NA,NA,"yes","3.6.1"
"usethis","usethis","/usr/local/lib/R/site-library","1.5.1",NA,"R (>= 3.2)","clipr (>= 0.3.0), clisymbols, crayon, curl (>= 2.7), desc, fs
(>= 1.3.0), gh, git2r (>= 0.23), glue (>= 1.3.0), purrr, rlang,
rprojroot (>= 1.2), rstudioapi, stats, utils, whisker, withr,
yaml",NA,"covr, knitr, magick, pkgdown (>= 1.1.0), rmarkdown, roxygen2,
spelling (>= 1.2), styler (>= 1.0.2), testthat (>= 2.1.0)",NA,"GPL-3",NA,NA,NA,NA,"no","3.6.1"
"utf8","utf8","/usr/local/lib/R/site-library","1.1.4",NA,"R (>= 2.10)",NA,NA,"knitr, rmarkdown, testthat",NA,"Apache License (== 2.0) | file LICENSE",NA,NA,NA,NA,"yes","3.6.1"
"vctrs","vctrs","/usr/local/lib/R/site-library","0.2.0",NA,"R (>= 3.2)","backports, ellipsis (>= 0.2.0), digest, glue, rlang (>=
0.4.0), zeallot",NA,"bit64, covr, crayon, generics, knitr, pillar (>= 1.4.1),
pkgdown, rmarkdown, testthat, tibble",NA,"GPL-3",NA,NA,NA,NA,"yes","3.6.1"
"viridisLite","viridisLite","/usr/local/lib/R/site-library","0.3.0",NA,"R (>= 2.10)",NA,NA,"hexbin (>= 1.27.0), ggplot2 (>= 1.0.1), testthat, covr",NA,"MIT + file LICENSE",NA,NA,NA,NA,"no","3.6.1"
"webdriver","webdriver","/usr/local/lib/R/site-library","1.0.5",NA,NA,"callr (>= 2.0.0), base64enc, curl (>= 2.0), debugme, httr,
jsonlite, R6, showimage, utils, withr",NA,"covr, pingr, rprojroot, servr, testthat",NA,"MIT + file LICENSE",NA,NA,NA,NA,"no","3.6.1"
"whisker","whisker","/usr/local/lib/R/site-library","0.4",NA,NA,NA,NA,"markdown",NA,"GPL-3",NA,NA,NA,NA,"no","3.6.1"
"withr","withr","/usr/local/lib/R/site-library","2.1.2",NA,"R (>= 3.0.2)","stats, graphics, grDevices",NA,"testthat, covr, lattice, DBI, RSQLite, methods, knitr,
rmarkdown",NA,"GPL (>= 2)",NA,NA,NA,NA,"no","3.6.1"
"xfun","xfun","/usr/local/lib/R/site-library","0.9",NA,NA,"stats, tools",NA,"testit, parallel, rstudioapi, tinytex, mime, markdown, knitr,
htmltools, base64enc, remotes, rmarkdown",NA,"MIT + file LICENSE",NA,NA,NA,NA,"no","3.6.1"
"xml2","xml2","/usr/local/lib/R/site-library","1.2.2",NA,"R (>= 3.1.0)","Rcpp, methods","Rcpp (>= 0.12.12)","covr, curl, httr, knitr, magrittr, mockery, rmarkdown,
testthat (>= 2.1.0)",NA,"GPL (>= 2)",NA,NA,NA,NA,"yes","3.6.1"
"xopen","xopen","/usr/local/lib/R/site-library","1.0.0",NA,"R (>= 3.1)","processx",NA,"ps, testthat",NA,"MIT + file LICENSE",NA,NA,NA,NA,"no","3.6.1"
"xtable","xtable","/usr/local/lib/R/site-library","1.8-4",NA,"R (>= 2.10.0)","stats, utils",NA,"knitr, plm, zoo, survival",NA,"GPL (>= 2)",NA,NA,NA,NA,"no","3.6.1"
"xts","xts","/usr/local/lib/R/site-library","0.11-2",NA,"zoo (>= 1.7-12)","methods","zoo","timeSeries, timeDate, tseries, chron, fts, tis, RUnit",NA,"GPL (>= 2)",NA,NA,NA,NA,"yes","3.6.1"
"yaml","yaml","/usr/local/lib/R/site-library","2.2.0",NA,NA,NA,NA,"RUnit",NA,"BSD_3_clause + file LICENSE",NA,NA,NA,NA,"yes","3.6.1"
"yesno","yesno","/usr/local/lib/R/site-library","0.1.0",NA,"R (>= 3.1.0)","utils",NA,"testthat, covr",NA,"GPL (>= 2)",NA,NA,NA,NA,"no","3.6.1"
"zeallot","zeallot","/usr/local/lib/R/site-library","0.1.0",NA,NA,NA,NA,"testthat, knitr, rmarkdown, purrr, magrittr",NA,"MIT + file LICENSE",NA,NA,NA,NA,"no","3.6.1"
"zip","zip","/usr/local/lib/R/site-library","2.0.4",NA,NA,NA,NA,"covr, processx, R6, testthat, withr",NA,"CC0",NA,NA,NA,NA,"yes","3.6.1"
"zoo","zoo","/usr/local/lib/R/site-library","1.8-6",NA,"R (>= 3.1.0), stats","utils, graphics, grDevices, lattice (>= 0.20-27)",NA,"coda, chron, DAAG, fts, ggplot2, mondate, scales,
strucchange, timeDate, timeSeries, tis, tseries, xts",NA,"GPL-2 | GPL-3",NA,NA,NA,NA,"yes","3.6.1"
"KernSmooth","KernSmooth","/usr/lib/R/library","2.23-15","recommended","R (>= 2.5.0), stats",NA,NA,"MASS",NA,"Unlimited",NA,NA,NA,NA,"yes","3.5.0"
"MASS","MASS","/usr/lib/R/library","7.3-51.4","recommended","R (>= 3.1.0), grDevices, graphics, stats, utils","methods",NA,"lattice, nlme, nnet, survival",NA,"GPL-2 | GPL-3",NA,NA,NA,NA,"yes","3.6.1"
"Matrix","Matrix","/usr/lib/R/library","1.2-17","recommended","R (>= 3.2.0)","methods, graphics, grid, stats, utils, lattice",NA,"expm, MASS","MatrixModels, graph, SparseM, sfsmisc","GPL (>= 2) | file LICENCE",NA,NA,NA,NA,"yes","3.6.1"
"base","base","/usr/lib/R/library","3.6.1","base",NA,NA,NA,"methods",NA,"Part of R 3.6.1",NA,NA,NA,NA,NA,"3.6.1"
"boot","boot","/usr/lib/R/library","1.3-23","recommended","R (>= 3.0.0), graphics, stats",NA,NA,"MASS, survival",NA,"Unlimited",NA,NA,NA,NA,"no","3.6.1"
"class","class","/usr/lib/R/library","7.3-15","recommended","R (>= 3.0.0), stats, utils","MASS",NA,NA,NA,"GPL-2 | GPL-3",NA,NA,NA,NA,"yes","3.5.2"
"cluster","cluster","/usr/lib/R/library","2.1.0","recommended","R (>= 3.3.0)","graphics, grDevices, stats, utils",NA,"MASS, Matrix",NA,"GPL (>= 2)",NA,NA,NA,NA,"yes","3.6.1"
"codetools","codetools","/usr/lib/R/library","0.2-16","recommended","R (>= 2.1)",NA,NA,NA,NA,"GPL",NA,NA,NA,NA,"no","3.5.2"
"compiler","compiler","/usr/lib/R/library","3.6.1","base",NA,NA,NA,NA,NA,"Part of R 3.6.1",NA,NA,NA,NA,NA,"3.6.1"
"datasets","datasets","/usr/lib/R/library","3.6.1","base",NA,NA,NA,NA,NA,"Part of R 3.6.1",NA,NA,NA,NA,NA,"3.6.1"
"foreign","foreign","/usr/lib/R/library","0.8-72","recommended","R (>= 3.0.0)","methods, utils, stats",NA,NA,NA,"GPL (>= 2)",NA,NA,NA,NA,"yes","3.6.1"
"grDevices","grDevices","/usr/lib/R/library","3.6.1","base",NA,NA,NA,"KernSmooth",NA,"Part of R 3.6.1",NA,NA,NA,NA,"yes","3.6.1"
"graphics","graphics","/usr/lib/R/library","3.6.1","base",NA,"grDevices",NA,NA,NA,"Part of R 3.6.1",NA,NA,NA,NA,"yes","3.6.1"
"grid","grid","/usr/lib/R/library","3.6.1","base",NA,"grDevices, utils",NA,"lattice",NA,"Part of R 3.6.1",NA,NA,NA,NA,"yes","3.6.1"
"lattice","lattice","/usr/lib/R/library","0.20-38","recommended","R (>= 3.0.0)","grid, grDevices, graphics, stats, utils",NA,"KernSmooth, MASS, latticeExtra","chron","GPL (>= 2)",NA,NA,NA,NA,"yes","3.5.1"
"methods","methods","/usr/lib/R/library","3.6.1","base",NA,"utils, stats",NA,"codetools",NA,"Part of R 3.6.1",NA,NA,NA,NA,"yes","3.6.1"
"mgcv","mgcv","/usr/lib/R/library","1.8-29","recommended","R (>= 2.14.0), nlme (>= 3.1-64)","methods, stats, graphics, Matrix, splines, utils",NA,"parallel, survival, MASS",NA,"GPL (>= 2)",NA,NA,NA,NA,"yes","3.6.1"
"nlme","nlme","/usr/lib/R/library","3.1-141","recommended","R (>= 3.4.0)","graphics, stats, utils, lattice",NA,"Hmisc, MASS",NA,"GPL (>= 2) | file LICENCE",NA,NA,NA,NA,"yes","3.6.1"
"nnet","nnet","/usr/lib/R/library","7.3-12","recommended","R (>= 2.14.0), stats, utils",NA,NA,"MASS",NA,"GPL-2 | GPL-3",NA,NA,NA,NA,"yes","3.5.0"
"parallel","parallel","/usr/lib/R/library","3.6.1","base",NA,"tools, compiler",NA,"methods","snow, nws, Rmpi","Part of R 3.6.1",NA,NA,NA,NA,"yes","3.6.1"
"rpart","rpart","/usr/lib/R/library","4.1-15","recommended","R (>= 2.15.0), graphics, stats, grDevices",NA,NA,"survival",NA,"GPL-2 | GPL-3",NA,NA,NA,NA,"yes","3.6.1"
"spatial","spatial","/usr/lib/R/library","7.3-11","recommended","R (>= 3.0.0), graphics, stats, utils",NA,NA,"MASS",NA,"GPL-2 | GPL-3",NA,NA,NA,NA,"yes","3.5.0"
"splines","splines","/usr/lib/R/library","3.6.1","base",NA,"graphics, stats",NA,"Matrix, methods",NA,"Part of R 3.6.1",NA,NA,NA,NA,"yes","3.6.1"
"stats","stats","/usr/lib/R/library","3.6.1","base",NA,"utils, grDevices, graphics",NA,"MASS, Matrix, SuppDists, methods, stats4",NA,"Part of R 3.6.1",NA,NA,NA,NA,"yes","3.6.1"
"stats4","stats4","/usr/lib/R/library","3.6.1","base",NA,"graphics, methods, stats",NA,NA,NA,"Part of R 3.6.1",NA,NA,NA,NA,NA,"3.6.1"
"survival","survival","/usr/lib/R/library","2.44-1.1","recommended","R (>= 2.13.0)","graphics, Matrix, methods, splines, stats, utils",NA,NA,NA,"LGPL (>= 2)",NA,NA,NA,NA,"yes","3.6.1"
"tcltk","tcltk","/usr/lib/R/library","3.6.1","base",NA,"utils",NA,NA,NA,"Part of R 3.6.1",NA,NA,NA,NA,"yes","3.6.1"
"tools","tools","/usr/lib/R/library","3.6.1","base",NA,NA,NA,"codetools, methods, xml2, curl, commonmark",NA,"Part of R 3.6.1",NA,NA,NA,NA,"yes","3.6.1"
"utils","utils","/usr/lib/R/library","3.6.1","base",NA,NA,NA,"methods, xml2, commonmark",NA,"Part of R 3.6.1",NA,NA,NA,NA,"yes","3.6.1"
